১লা,পহেলা 
১ লা,পহেলা 
২রা,দোসরা 
২ রা,দোসরা 
৩রা,তেসরা 
৩ রা,তেসরা 
৪ঠা,চৌঠা 
৪ ঠা,চৌঠা 
৫ই,পাঁচই 
৫ ই,পাঁচই 
৬ই,ছয়ই 
৬ ই,ছয়ই 
৭ই,সাতই 
৭ ই,সাতই 
৮ই,আটই 
৮ ই,আটই 
৯ই,নয়ই 
৯ ই,নয়ই 
১০ই,দশই 
১০ ই,দশই 
১১ই,এগারোই 
১১ ই,এগারোই 
১২ই,বারোই 
১২ ই,বারোই 
১৩ই,তেরোই 
১৩ ই,তেরোই 
১৪ই,চৌদ্দই 
১৪ ই,চৌদ্দই 
১৫ই,পনেরোই 
১৫ ই,পনেরোই 
১৬ই,ষোলোই 
১৬ ই,ষোলোই 
১৭ই,সতেরোই 
১৭ ই,সতেরোই 
১৮ই,আঠারোই 
১৮ ই,আঠারোই 
১৯শে,উনিশে 
১৯ শে,উনিশে 
২০শে,বিশে 
২০ শে,বিশে 
২১শে,একুশে 
২১ শে,একুশে 
২২শে,বাইশে 
২২ শে,বাইশে 
২৩শে,তেইশে 
২৩ শে,তেইশে 
২৪শে,চব্বিশে 
২৪ শে,চব্বিশে 
২৫শে,পঁচিশে 
২৫ শে,পঁচিশে 
২৬শে,ছাব্বিশে 
২৬ শে,ছাব্বিশে 
২৭শে,সাতাশে 
২৭ শে,সাতাশে 
২৮শে,আটাশে 
২৮ শে,আটাশে 
২৯শে,ঊনত্রিশে 
২৯ শে,ঊনত্রিশে 
৩০শে,ত্রিশে 
৩০ শে,ত্রিশে 
৩১শে,একত্রিশে 
৩১ শে,একত্রিশে 